row_id,y_true,prediction_score,y_pred,model,threshold
6,0,0.8690186921460694,1,logistic_regression,0.4
13,0,0.24327873987044815,0,logistic_regression,0.4
21,0,0.43839090014901877,1,logistic_regression,0.4
42,0,0.4018419403293958,1,logistic_regression,0.4
68,0,0.34321292094125233,0,logistic_regression,0.4
78,0,0.8235246762488512,1,logistic_regression,0.4
80,0,0.44449864188064553,1,logistic_regression,0.4
88,1,0.17835572265429608,0,logistic_regression,0.4
123,0,0.40847586141942427,1,logistic_regression,0.4
142,0,0.3069212457283812,0,logistic_regression,0.4
144,0,0.7481107819406791,1,logistic_regression,0.4
147,0,0.18749868735098774,0,logistic_regression,0.4
153,0,0.12211983572062783,0,logistic_regression,0.4
155,0,0.1556418635843598,0,logistic_regression,0.4
156,1,0.7865444467804965,1,logistic_regression,0.4
159,0,0.6284483352793883,1,logistic_regression,0.4
162,0,0.596869460089634,1,logistic_regression,0.4
168,0,0.06424928073663644,0,logistic_regression,0.4
174,0,0.050450179079674716,0,logistic_regression,0.4
177,0,0.6558557922643129,1,logistic_regression,0.4
186,0,0.5886908651379116,1,logistic_regression,0.4
192,0,0.20326138153141046,0,logistic_regression,0.4
193,0,0.40577974524864396,1,logistic_regression,0.4
226,0,0.04010160797634943,0,logistic_regression,0.4
227,0,0.14076316606123218,0,logistic_regression,0.4
234,0,0.4795933641098298,1,logistic_regression,0.4
239,0,0.05432115673673437,0,logistic_regression,0.4
243,0,0.13320991105032923,0,logistic_regression,0.4
250,0,0.38531567474075756,0,logistic_regression,0.4
252,1,0.64190642177126,1,logistic_regression,0.4
253,1,0.9418994255662755,1,logistic_regression,0.4
262,1,0.5550034682506697,1,logistic_regression,0.4
276,0,0.6102864434410797,1,logistic_regression,0.4
278,0,0.6096793697156848,1,logistic_regression,0.4
286,0,0.8270964978032928,1,logistic_regression,0.4
289,0,0.1519649412556279,0,logistic_regression,0.4
296,0,0.07214379269521923,0,logistic_regression,0.4
298,0,0.2586567232113261,0,logistic_regression,0.4
305,0,0.0734922611945782,0,logistic_regression,0.4
310,0,0.7478580168846947,1,logistic_regression,0.4
313,0,0.12213894658167948,0,logistic_regression,0.4
321,0,0.2587141192689348,0,logistic_regression,0.4
343,0,0.06380315050387428,0,logistic_regression,0.4
355,1,0.7053616489539108,1,logistic_regression,0.4
359,1,0.9069251720332066,1,logistic_regression,0.4
361,1,0.8403439552873353,1,logistic_regression,0.4
372,0,0.5866086384887003,1,logistic_regression,0.4
373,0,0.35194615319347233,0,logistic_regression,0.4
383,1,0.3716011543986981,0,logistic_regression,0.4
412,0,0.07903050579072911,0,logistic_regression,0.4
414,0,0.4530249019969902,1,logistic_regression,0.4
438,1,0.9673742359294315,1,logistic_regression,0.4
443,0,0.5637291819047565,1,logistic_regression,0.4
448,1,0.4298301032891227,1,logistic_regression,0.4
451,0,0.14880734860662334,0,logistic_regression,0.4
460,1,0.7883581478612707,1,logistic_regression,0.4
468,0,0.2860939767017094,0,logistic_regression,0.4
473,0,0.34008916147716584,0,logistic_regression,0.4
479,0,0.3759416868387628,0,logistic_regression,0.4
482,0,0.4783798698147061,1,logistic_regression,0.4
486,0,0.26123272831360017,0,logistic_regression,0.4
499,0,0.2162171838041159,0,logistic_regression,0.4
511,0,0.3326029777358427,0,logistic_regression,0.4
519,0,0.9032932846644104,1,logistic_regression,0.4
534,1,0.5567135185802123,1,logistic_regression,0.4
564,1,0.8872488872089661,1,logistic_regression,0.4
571,0,0.7397572384086526,1,logistic_regression,0.4
583,0,0.722327342318303,1,logistic_regression,0.4
585,1,0.42504646223644055,1,logistic_regression,0.4
590,0,0.8423409439069725,1,logistic_regression,0.4
595,1,0.6434343607645953,1,logistic_regression,0.4
597,0,0.35204388295595734,0,logistic_regression,0.4
612,1,0.8578924717881827,1,logistic_regression,0.4
618,0,0.07555469052309685,0,logistic_regression,0.4
622,0,0.03729774500565514,0,logistic_regression,0.4
629,0,0.8090835786404358,1,logistic_regression,0.4
632,0,0.24476974977252636,0,logistic_regression,0.4
634,0,0.1421817817994752,0,logistic_regression,0.4
642,0,0.7551372547591323,1,logistic_regression,0.4
644,0,0.5702059684790444,1,logistic_regression,0.4
660,0,0.6421618755223588,1,logistic_regression,0.4
661,0,0.06872623435077825,0,logistic_regression,0.4
662,0,0.7285137732651397,1,logistic_regression,0.4
682,0,0.6732915440665,1,logistic_regression,0.4
684,0,0.39911941540206297,0,logistic_regression,0.4
703,1,0.30674745896717653,0,logistic_regression,0.4
710,0,0.04122145393402843,0,logistic_regression,0.4
713,0,0.062100649596352045,0,logistic_regression,0.4
714,0,0.5210971002947684,1,logistic_regression,0.4
716,1,0.7492984193865595,1,logistic_regression,0.4
722,0,0.32231272733789496,0,logistic_regression,0.4
728,0,0.19420610741742766,0,logistic_regression,0.4
737,0,0.6260067442482122,1,logistic_regression,0.4
753,0,0.5264400810000627,1,logistic_regression,0.4
756,1,0.8057746944835193,1,logistic_regression,0.4
760,0,0.3399895925368339,0,logistic_regression,0.4
767,0,0.41944675177917273,1,logistic_regression,0.4
770,0,0.33791969323907417,0,logistic_regression,0.4
771,1,0.725233793025235,1,logistic_regression,0.4
779,0,0.2982137357181164,0,logistic_regression,0.4
788,0,0.5029092850078695,1,logistic_regression,0.4
805,0,0.5368559232984428,1,logistic_regression,0.4
808,0,0.08960207670460632,0,logistic_regression,0.4
812,1,0.6698845763852168,1,logistic_regression,0.4
817,1,0.8861168375829142,1,logistic_regression,0.4
819,0,0.04505691722777167,0,logistic_regression,0.4
826,1,0.4122972690625733,1,logistic_regression,0.4
837,0,0.2558310571195568,0,logistic_regression,0.4
842,0,0.4444410624241512,1,logistic_regression,0.4
843,1,0.5949713327744838,1,logistic_regression,0.4
847,0,0.5537205716670726,1,logistic_regression,0.4
848,0,0.45984327391510155,1,logistic_regression,0.4
852,1,0.8194433435226552,1,logistic_regression,0.4
853,0,0.4812044796179731,1,logistic_regression,0.4
860,0,0.3366104746819222,0,logistic_regression,0.4
862,0,0.2682871438870946,0,logistic_regression,0.4
867,1,0.44015078439850236,1,logistic_regression,0.4
894,0,0.3749710731640255,0,logistic_regression,0.4
895,0,0.6445495691468356,1,logistic_regression,0.4
905,0,0.04979917660411435,0,logistic_regression,0.4
909,0,0.7443746621923504,1,logistic_regression,0.4
913,0,0.473805167919445,1,logistic_regression,0.4
914,0,0.29135879496997125,0,logistic_regression,0.4
925,0,0.26223816441800574,0,logistic_regression,0.4
930,0,0.5975657653515143,1,logistic_regression,0.4
939,0,0.7167035672792602,1,logistic_regression,0.4
941,1,0.2632130591520703,0,logistic_regression,0.4
957,0,0.7523698473033327,1,logistic_regression,0.4
965,0,0.884801091987197,1,logistic_regression,0.4
973,0,0.053184269095585775,0,logistic_regression,0.4
976,1,0.8788634238619585,1,logistic_regression,0.4
978,0,0.6789163912588972,1,logistic_regression,0.4
979,0,0.10327650840949387,0,logistic_regression,0.4
981,1,0.6995819677540684,1,logistic_regression,0.4
985,0,0.06340497374839132,0,logistic_regression,0.4
998,0,0.3876329672015266,0,logistic_regression,0.4
1001,1,0.32529808919794817,0,logistic_regression,0.4
1018,0,0.10368243623567293,0,logistic_regression,0.4
1027,0,0.048305342402691166,0,logistic_regression,0.4
1029,1,0.9322263581805134,1,logistic_regression,0.4
1035,1,0.7470913536634788,1,logistic_regression,0.4
1043,1,0.5575994766516975,1,logistic_regression,0.4
1046,0,0.46127375735994913,1,logistic_regression,0.4
1055,0,0.10999336088900286,0,logistic_regression,0.4
1058,0,0.3965108200995785,0,logistic_regression,0.4
1065,0,0.24422410236959408,0,logistic_regression,0.4
1090,0,0.12899380739731825,0,logistic_regression,0.4
1092,0,0.25116454174298275,0,logistic_regression,0.4
1093,0,0.3756772391700546,0,logistic_regression,0.4
1101,0,0.4798667644054751,1,logistic_regression,0.4
1104,0,0.051477101587463575,0,logistic_regression,0.4
1112,0,0.5663661585239852,1,logistic_regression,0.4
1113,1,0.5855055835500736,1,logistic_regression,0.4
1120,0,0.16425543827244934,0,logistic_regression,0.4
1122,0,0.45085686556559257,1,logistic_regression,0.4
1140,1,0.9073027524796428,1,logistic_regression,0.4
1142,0,0.3373436094817298,0,logistic_regression,0.4
1143,0,0.07825944498794857,0,logistic_regression,0.4
1148,0,0.4763971632551575,1,logistic_regression,0.4
1173,0,0.7533869736653152,1,logistic_regression,0.4
1180,0,0.7063031706725682,1,logistic_regression,0.4
1186,0,0.2862531934822711,0,logistic_regression,0.4
1188,1,0.9651717547390252,1,logistic_regression,0.4
1223,1,0.5518214905638943,1,logistic_regression,0.4
1224,0,0.3796333466363301,0,logistic_regression,0.4
1225,0,0.14174468381346558,0,logistic_regression,0.4
1228,0,0.6334996007221214,1,logistic_regression,0.4
1232,0,0.326367537978717,0,logistic_regression,0.4
1237,1,0.3000546983557615,0,logistic_regression,0.4
1248,0,0.7131763489176381,1,logistic_regression,0.4
1252,0,0.072886353721267,0,logistic_regression,0.4
1259,1,0.42339600480349776,1,logistic_regression,0.4
1262,0,0.6553435810682544,1,logistic_regression,0.4
1265,1,0.7790745466988362,1,logistic_regression,0.4
1277,0,0.10438202277765114,0,logistic_regression,0.4
1283,0,0.33096957998706167,0,logistic_regression,0.4
1307,0,0.037211881737528235,0,logistic_regression,0.4
1310,0,0.03633063431296146,0,logistic_regression,0.4
1311,0,0.5319747045661638,1,logistic_regression,0.4
1317,0,0.16784224589948063,0,logistic_regression,0.4
1321,1,0.8000957577923827,1,logistic_regression,0.4
1325,0,0.032350647918548144,0,logistic_regression,0.4
1349,0,0.5664473146832684,1,logistic_regression,0.4
1367,0,0.03121837717856938,0,logistic_regression,0.4
1368,0,0.782397215023764,1,logistic_regression,0.4
1370,0,0.72733428016716,1,logistic_regression,0.4
1375,0,0.3436781933538037,0,logistic_regression,0.4
1378,0,0.09245721763583792,0,logistic_regression,0.4
1383,1,0.1485034965074209,0,logistic_regression,0.4
1387,0,0.09279025793535313,0,logistic_regression,0.4
1388,0,0.8195366041740787,1,logistic_regression,0.4
1392,0,0.2155540828452541,0,logistic_regression,0.4
1393,0,0.27023040209872246,0,logistic_regression,0.4
1416,1,0.15597154771581112,0,logistic_regression,0.4
1428,1,0.13687013529291311,0,logistic_regression,0.4
1438,0,0.06006992476915797,0,logistic_regression,0.4
1443,1,0.6533052131675121,1,logistic_regression,0.4
1462,0,0.9026814936513287,1,logistic_regression,0.4
1469,0,0.6559916228696852,1,logistic_regression,0.4
1471,0,0.07411774683603183,0,logistic_regression,0.4
1472,0,0.1498739853334294,0,logistic_regression,0.4
1474,1,0.1018010025047379,0,logistic_regression,0.4
1475,0,0.0290449501968131,0,logistic_regression,0.4
1477,1,0.6590003031242561,1,logistic_regression,0.4
1482,0,0.2764373576720476,0,logistic_regression,0.4
1483,0,0.06525179212330909,0,logistic_regression,0.4
1484,0,0.5696398989885482,1,logistic_regression,0.4
1489,0,0.31451963465186356,0,logistic_regression,0.4
1498,0,0.16049141227296165,0,logistic_regression,0.4
1500,0,0.49671420854754716,1,logistic_regression,0.4
1503,0,0.8806974848686628,1,logistic_regression,0.4
1521,1,0.7790742467162977,1,logistic_regression,0.4
1522,0,0.31382122839700516,0,logistic_regression,0.4
1531,0,0.10536777570456586,0,logistic_regression,0.4
1561,0,0.134858227679803,0,logistic_regression,0.4
1564,0,0.14851058819461121,0,logistic_regression,0.4
1566,0,0.953877777262827,1,logistic_regression,0.4
1571,1,0.6569262776575348,1,logistic_regression,0.4
1576,1,0.2688459842963025,0,logistic_regression,0.4
1583,1,0.5200239655658848,1,logistic_regression,0.4
1591,1,0.6776918995996294,1,logistic_regression,0.4
1603,0,0.4157705043244547,1,logistic_regression,0.4
1612,0,0.22563535233254836,0,logistic_regression,0.4
1615,0,0.5609729534446629,1,logistic_regression,0.4
1619,0,0.3397551815822998,0,logistic_regression,0.4
1634,0,0.8623536721491054,1,logistic_regression,0.4
1642,0,0.22813399777660978,0,logistic_regression,0.4
1643,0,0.07277574688391876,0,logistic_regression,0.4
1650,0,0.7251262056484902,1,logistic_regression,0.4
1660,0,0.42755964367573146,1,logistic_regression,0.4
1665,1,0.7617775761822624,1,logistic_regression,0.4
1668,1,0.7089913638099081,1,logistic_regression,0.4
1670,0,0.24042363110903872,0,logistic_regression,0.4
1676,0,0.19495337850987365,0,logistic_regression,0.4
1683,0,0.15792728177484908,0,logistic_regression,0.4
1691,0,0.7156050583334782,1,logistic_regression,0.4
1703,0,0.04034775941556855,0,logistic_regression,0.4
1709,0,0.4331848758988786,1,logistic_regression,0.4
1711,0,0.28745873237344793,0,logistic_regression,0.4
1733,0,0.3337624054407059,0,logistic_regression,0.4
1739,0,0.2910096422683393,0,logistic_regression,0.4
1740,1,0.6201143340591578,1,logistic_regression,0.4
1745,0,0.07708257209254897,0,logistic_regression,0.4
1754,0,0.6965716494350865,1,logistic_regression,0.4
1757,0,0.3280180396532883,0,logistic_regression,0.4
1761,0,0.8102690996946896,1,logistic_regression,0.4
1768,1,0.681657430923399,1,logistic_regression,0.4
1780,0,0.3397878726988191,0,logistic_regression,0.4
1784,0,0.48151124411612944,1,logistic_regression,0.4
1792,0,0.23425733323691078,0,logistic_regression,0.4
1797,1,0.8450917946093522,1,logistic_regression,0.4
1807,0,0.571173640148642,1,logistic_regression,0.4
1846,1,0.8498501309738175,1,logistic_regression,0.4
1850,0,0.6456440831114502,1,logistic_regression,0.4
1867,1,0.7533188303258496,1,logistic_regression,0.4
1876,0,0.4111633200200253,1,logistic_regression,0.4
1886,0,0.21786558318113408,0,logistic_regression,0.4
1895,0,0.20917145353270417,0,logistic_regression,0.4
1899,1,0.9735185971689225,1,logistic_regression,0.4
1903,0,0.25326711927353257,0,logistic_regression,0.4
1917,0,0.6988899284286942,1,logistic_regression,0.4
1920,0,0.0725430457984522,0,logistic_regression,0.4
1925,0,0.8396918273302628,1,logistic_regression,0.4
1946,0,0.12320877655799917,0,logistic_regression,0.4
1959,0,0.6728096094375486,1,logistic_regression,0.4
1960,0,0.5099613056248731,1,logistic_regression,0.4
1962,0,0.46280383240857553,1,logistic_regression,0.4
1964,0,0.10934652284360244,0,logistic_regression,0.4
1976,0,0.1911495176623845,0,logistic_regression,0.4
1978,0,0.38783705122869305,0,logistic_regression,0.4
1980,1,0.6147921783755815,1,logistic_regression,0.4
1986,1,0.7597496680122164,1,logistic_regression,0.4
2004,1,0.8031260032142558,1,logistic_regression,0.4
2016,0,0.5365409293339929,1,logistic_regression,0.4
2017,1,0.34585605888448495,0,logistic_regression,0.4
2019,0,0.17200857820570903,0,logistic_regression,0.4
2020,0,0.3975323231305264,0,logistic_regression,0.4
2024,0,0.16273855672894535,0,logistic_regression,0.4
2032,0,0.5767640560736281,1,logistic_regression,0.4
2038,0,0.35424281738957764,0,logistic_regression,0.4
2052,0,0.04954704805957662,0,logistic_regression,0.4
2053,1,0.8526714825953293,1,logistic_regression,0.4
2060,0,0.20405564585527353,0,logistic_regression,0.4
2062,0,0.32440657226718933,0,logistic_regression,0.4
2085,0,0.1594071089232186,0,logistic_regression,0.4
2092,0,0.059985737595826226,0,logistic_regression,0.4
2094,0,0.39468400310793783,0,logistic_regression,0.4
2096,0,0.08855149770912225,0,logistic_regression,0.4
2098,0,0.4748523156241197,1,logistic_regression,0.4
2110,0,0.5116523525617924,1,logistic_regression,0.4
2113,0,0.5503613337513199,1,logistic_regression,0.4
2131,1,0.8289913897682124,1,logistic_regression,0.4
2134,0,0.6793380995678107,1,logistic_regression,0.4
2135,0,0.2523251200493056,0,logistic_regression,0.4
2138,1,0.40019187587667177,1,logistic_regression,0.4
2141,0,0.9523304341878506,1,logistic_regression,0.4
2153,0,0.2331238495221081,0,logistic_regression,0.4
2155,0,0.7673274137218868,1,logistic_regression,0.4
2156,0,0.14934457087028008,0,logistic_regression,0.4
2158,0,0.5474599558270421,1,logistic_regression,0.4
2163,1,0.8636094057063469,1,logistic_regression,0.4
2165,0,0.651508279173504,1,logistic_regression,0.4
2166,0,0.05442855680410596,0,logistic_regression,0.4
2167,0,0.43219923177377917,1,logistic_regression,0.4
2173,0,0.069584195834634,0,logistic_regression,0.4
2178,0,0.285011506228941,0,logistic_regression,0.4
2191,0,0.44554874580094517,1,logistic_regression,0.4
2199,1,0.807264580951019,1,logistic_regression,0.4
2201,0,0.11450559892899125,0,logistic_regression,0.4
2205,0,0.4570445665998712,1,logistic_regression,0.4
2208,0,0.7562014870824073,1,logistic_regression,0.4
2224,0,0.8820395172610815,1,logistic_regression,0.4
2225,1,0.1436790449732005,0,logistic_regression,0.4
2226,0,0.10297046644943648,0,logistic_regression,0.4
2236,1,0.9282580029812751,1,logistic_regression,0.4
2251,0,0.45181909811397836,1,logistic_regression,0.4
2256,0,0.03778379613446097,0,logistic_regression,0.4
2262,1,0.802316795464458,1,logistic_regression,0.4
2263,0,0.7406895057702738,1,logistic_regression,0.4
2268,1,0.3149535423657537,0,logistic_regression,0.4
2292,1,0.5373434834330497,1,logistic_regression,0.4
2304,0,0.3090277365254996,0,logistic_regression,0.4
2306,1,0.26355266023174007,0,logistic_regression,0.4
2314,0,0.5986793719882774,1,logistic_regression,0.4
2319,0,0.5435451539792112,1,logistic_regression,0.4
2323,0,0.24610187242573292,0,logistic_regression,0.4
2331,0,0.24952327691438328,0,logistic_regression,0.4
2335,0,0.6981304418277948,1,logistic_regression,0.4
2337,1,0.9476817805485345,1,logistic_regression,0.4
2342,0,0.08944454540311299,0,logistic_regression,0.4
2343,0,0.28884884933885996,0,logistic_regression,0.4
2347,0,0.4567614434929086,1,logistic_regression,0.4
2355,1,0.754924308734351,1,logistic_regression,0.4
2362,0,0.21944885600131597,0,logistic_regression,0.4
2363,1,0.5979028399041708,1,logistic_regression,0.4
2366,0,0.22683709579497988,0,logistic_regression,0.4
2368,0,0.2377964857069704,0,logistic_regression,0.4
2376,0,0.38914588521033283,0,logistic_regression,0.4
2380,0,0.3272297875962859,0,logistic_regression,0.4
2383,0,0.34437558754775377,0,logistic_regression,0.4
2388,0,0.1957402451686384,0,logistic_regression,0.4
2410,1,0.6943745678941985,1,logistic_regression,0.4
2424,0,0.4784237324995385,1,logistic_regression,0.4
2434,0,0.062382792617034104,0,logistic_regression,0.4
2437,1,0.924653659966766,1,logistic_regression,0.4
2440,0,0.8124232372416841,1,logistic_regression,0.4
2450,0,0.6761626764450782,1,logistic_regression,0.4
2465,1,0.201412093249417,0,logistic_regression,0.4
2485,0,0.8397942720272124,1,logistic_regression,0.4
2488,0,0.2547804932695214,0,logistic_regression,0.4
2502,0,0.5074972946149721,1,logistic_regression,0.4
2513,1,0.8528447099821995,1,logistic_regression,0.4
2520,0,0.13091680007600237,0,logistic_regression,0.4
2525,0,0.33826162092741197,0,logistic_regression,0.4
2526,0,0.07947445497901676,0,logistic_regression,0.4
2535,0,0.12818507044630556,0,logistic_regression,0.4
2536,0,0.11115143150321798,0,logistic_regression,0.4
2543,0,0.0721993471142423,0,logistic_regression,0.4
2544,0,0.3489485882167422,0,logistic_regression,0.4
2550,0,0.14153003472862563,0,logistic_regression,0.4
2552,0,0.8865351820247968,1,logistic_regression,0.4
2556,0,0.3843290241968615,0,logistic_regression,0.4
2558,0,0.14861613063619405,0,logistic_regression,0.4
2572,0,0.09717646423528871,0,logistic_regression,0.4
2575,0,0.19524955622170206,0,logistic_regression,0.4
2578,0,0.2993476237687125,0,logistic_regression,0.4
2585,1,0.9197235467097522,1,logistic_regression,0.4
2601,0,0.19942778423429025,0,logistic_regression,0.4
2609,1,0.6468450930164377,1,logistic_regression,0.4
2615,0,0.3633661972275254,0,logistic_regression,0.4
2628,0,0.4053358995602964,1,logistic_regression,0.4
2631,0,0.5711560543966032,1,logistic_regression,0.4
2639,0,0.15755121040940157,0,logistic_regression,0.4
2641,0,0.5774136253179669,1,logistic_regression,0.4
2642,0,0.07024469369532499,0,logistic_regression,0.4
2645,1,0.72962725081338,1,logistic_regression,0.4
2649,0,0.7470884296017591,1,logistic_regression,0.4
2650,0,0.41600038706970904,1,logistic_regression,0.4
2655,1,0.8248556333772376,1,logistic_regression,0.4
2657,0,0.10255084499440685,0,logistic_regression,0.4
2658,0,0.042516320484100464,0,logistic_regression,0.4
2661,0,0.3815846929895183,0,logistic_regression,0.4
2666,0,0.6231643301736792,1,logistic_regression,0.4
2675,0,0.5855024585395606,1,logistic_regression,0.4
2683,0,0.14356910510603033,0,logistic_regression,0.4
2684,0,0.39196704220684503,0,logistic_regression,0.4
2687,1,0.6480201962378648,1,logistic_regression,0.4
2692,1,0.7269313225124732,1,logistic_regression,0.4
2717,0,0.2837175107356585,0,logistic_regression,0.4
2730,1,0.3947126618360625,0,logistic_regression,0.4
2738,0,0.22535108609007304,0,logistic_regression,0.4
2742,0,0.6808885314891927,1,logistic_regression,0.4
2745,0,0.10830080611623107,0,logistic_regression,0.4
2763,0,0.20560823432276396,0,logistic_regression,0.4
2765,0,0.546589031161877,1,logistic_regression,0.4
2777,0,0.9031213968416241,1,logistic_regression,0.4
2779,0,0.07783075087989631,0,logistic_regression,0.4
2780,1,0.8814567592367257,1,logistic_regression,0.4
2784,0,0.49855599054603306,1,logistic_regression,0.4
2786,1,0.43564825628692444,1,logistic_regression,0.4
2787,0,0.08983492046086504,0,logistic_regression,0.4
2790,0,0.04112423494525264,0,logistic_regression,0.4
2796,0,0.04563956296217643,0,logistic_regression,0.4
2810,1,0.5076572215217553,1,logistic_regression,0.4
2818,0,0.04669159571520746,0,logistic_regression,0.4
2826,1,0.7249749863650413,1,logistic_regression,0.4
2835,0,0.3358890072846291,0,logistic_regression,0.4
2843,0,0.9001308566039662,1,logistic_regression,0.4
2853,0,0.05170847881801598,0,logistic_regression,0.4
2866,0,0.17975930834925377,0,logistic_regression,0.4
2888,1,0.5283906241487037,1,logistic_regression,0.4
2895,0,0.6816746496032208,1,logistic_regression,0.4
2908,1,0.6508912207063978,1,logistic_regression,0.4
2919,1,0.6628410381492837,1,logistic_regression,0.4
2920,0,0.09940505530497508,0,logistic_regression,0.4
2925,1,0.22421771300669482,0,logistic_regression,0.4
2929,0,0.7089548659787431,1,logistic_regression,0.4
2933,0,0.15147302283551387,0,logistic_regression,0.4
2949,0,0.6611085159341197,1,logistic_regression,0.4
2960,0,0.08477012121028929,0,logistic_regression,0.4
2962,1,0.7878288029763219,1,logistic_regression,0.4
2971,0,0.2385612299492794,0,logistic_regression,0.4
2973,0,0.23157091184339681,0,logistic_regression,0.4
2975,1,0.823487490371844,1,logistic_regression,0.4
2981,0,0.13008327494310473,0,logistic_regression,0.4
2982,1,0.6909233162989061,1,logistic_regression,0.4
3007,1,0.8298769080088197,1,logistic_regression,0.4
3008,1,0.8671011503993765,1,logistic_regression,0.4
3013,0,0.1387974839485706,0,logistic_regression,0.4
3018,0,0.1331763642501355,0,logistic_regression,0.4
3019,0,0.8815297970845428,1,logistic_regression,0.4
3063,0,0.17820804413617453,0,logistic_regression,0.4
3064,0,0.2383346220512539,0,logistic_regression,0.4
3072,0,0.42054504532772974,1,logistic_regression,0.4
3074,1,0.8240635763189177,1,logistic_regression,0.4
3093,0,0.05291365260358609,0,logistic_regression,0.4
3095,0,0.6471525326753453,1,logistic_regression,0.4
3097,1,0.37894632436961934,0,logistic_regression,0.4
3102,0,0.14354723732500918,0,logistic_regression,0.4
3104,0,0.09904825054524147,0,logistic_regression,0.4
3108,0,0.7140716142016791,1,logistic_regression,0.4
3120,1,0.8686745491704054,1,logistic_regression,0.4
3148,0,0.04072982204360099,0,logistic_regression,0.4
3155,0,0.27762885998536524,0,logistic_regression,0.4
3157,0,0.540997902335999,1,logistic_regression,0.4
3165,1,0.8214162607103983,1,logistic_regression,0.4
3166,1,0.9509707752377963,1,logistic_regression,0.4
3174,0,0.36781121601114003,0,logistic_regression,0.4
3187,0,0.4600036009426802,1,logistic_regression,0.4
3188,0,0.6720418888685763,1,logistic_regression,0.4
3216,0,0.2037872459352422,0,logistic_regression,0.4
3225,0,0.6089383480032146,1,logistic_regression,0.4
3229,0,0.4484546376242841,1,logistic_regression,0.4
3232,0,0.4569539148238867,1,logistic_regression,0.4
3236,1,0.38031998427609937,0,logistic_regression,0.4
3238,0,0.2799019974784145,0,logistic_regression,0.4
3239,1,0.7160888414126543,1,logistic_regression,0.4
3241,0,0.8881308733406317,1,logistic_regression,0.4
3255,0,0.028314156503465884,0,logistic_regression,0.4
3258,0,0.7194957054801422,1,logistic_regression,0.4
3262,0,0.019221706695401148,0,logistic_regression,0.4
3266,0,0.39900533941807637,0,logistic_regression,0.4
3277,1,0.49978985383316654,1,logistic_regression,0.4
3287,0,0.1755766812742466,0,logistic_regression,0.4
3303,0,0.6150233214772979,1,logistic_regression,0.4
3307,0,0.15170415394161058,0,logistic_regression,0.4
3315,0,0.41728155961253405,1,logistic_regression,0.4
3326,0,0.06681519029316753,0,logistic_regression,0.4
3327,0,0.19756548228054086,0,logistic_regression,0.4
3329,1,0.6821155757568483,1,logistic_regression,0.4
3330,0,0.18976789119814882,0,logistic_regression,0.4
3335,0,0.08591024747226934,0,logistic_regression,0.4
3337,0,0.22895555405523177,0,logistic_regression,0.4
3341,0,0.450319112387077,1,logistic_regression,0.4
3372,0,0.07505906743407226,0,logistic_regression,0.4
3397,1,0.90460101227552,1,logistic_regression,0.4
3402,0,0.0689798999853906,0,logistic_regression,0.4
3405,0,0.2612544834086724,0,logistic_regression,0.4
3409,0,0.25874507831050525,0,logistic_regression,0.4
3422,0,0.1627450406300189,0,logistic_regression,0.4
3448,1,0.09742664875270164,0,logistic_regression,0.4
3468,0,0.13432728373227715,0,logistic_regression,0.4
3485,0,0.10773635672272426,0,logistic_regression,0.4
3492,0,0.20613486183209476,0,logistic_regression,0.4
3501,0,0.06932200739960576,0,logistic_regression,0.4
3505,0,0.31134366824104137,0,logistic_regression,0.4
3508,0,0.0666320691908289,0,logistic_regression,0.4
3514,0,0.25301058867443627,0,logistic_regression,0.4
3516,1,0.6246081824878275,1,logistic_regression,0.4
3517,0,0.8759235458744152,1,logistic_regression,0.4
3524,0,0.2762280432065559,0,logistic_regression,0.4
3527,1,0.75920777941257,1,logistic_regression,0.4
3540,0,0.5953318960613933,1,logistic_regression,0.4
3545,0,0.268582171843409,0,logistic_regression,0.4
3547,0,0.9375773348077795,1,logistic_regression,0.4
3551,0,0.7295120061719765,1,logistic_regression,0.4
3552,0,0.25027915139473556,0,logistic_regression,0.4
3553,0,0.8116150097773751,1,logistic_regression,0.4
3556,0,0.756054772740292,1,logistic_regression,0.4
3558,0,0.8161168051561217,1,logistic_regression,0.4
3561,1,0.44271591094741547,1,logistic_regression,0.4
3564,0,0.042901529408349695,0,logistic_regression,0.4
3565,0,0.04969413430634476,0,logistic_regression,0.4
3567,0,0.08652856226894588,0,logistic_regression,0.4
3574,1,0.5222819297411758,1,logistic_regression,0.4
3580,0,0.16293932486328433,0,logistic_regression,0.4
3591,1,0.738573609905952,1,logistic_regression,0.4
3593,0,0.6797633051316637,1,logistic_regression,0.4
3601,0,0.6738469348166112,1,logistic_regression,0.4
3602,0,0.7162780494052392,1,logistic_regression,0.4
3605,0,0.12144650278082487,0,logistic_regression,0.4
3608,0,0.10402257779855906,0,logistic_regression,0.4
3612,0,0.5531464769543109,1,logistic_regression,0.4
3614,1,0.7536816289421553,1,logistic_regression,0.4
3616,0,0.5426620239983021,1,logistic_regression,0.4
3619,0,0.15818601495455617,0,logistic_regression,0.4
3623,0,0.7304213237968279,1,logistic_regression,0.4
3628,1,0.5816045682537834,1,logistic_regression,0.4
3633,0,0.12158691836502243,0,logistic_regression,0.4
3644,0,0.18119959152076365,0,logistic_regression,0.4
3646,0,0.23248987658641246,0,logistic_regression,0.4
3647,1,0.15222248705271796,0,logistic_regression,0.4
3651,0,0.5298891570455138,1,logistic_regression,0.4
3655,0,0.10298265817251755,0,logistic_regression,0.4
3657,0,0.19991741131878524,0,logistic_regression,0.4
3667,0,0.5215183643464522,1,logistic_regression,0.4
3675,0,0.05145762508223334,0,logistic_regression,0.4
3676,1,0.4146636253106435,1,logistic_regression,0.4
3677,0,0.031038284615494065,0,logistic_regression,0.4
3678,1,0.7546749034783695,1,logistic_regression,0.4
3683,1,0.8355764282192915,1,logistic_regression,0.4
3687,0,0.08367288350463234,0,logistic_regression,0.4
3688,0,0.43569257945713535,1,logistic_regression,0.4
3703,0,0.6745239846215384,1,logistic_regression,0.4
3727,0,0.2826730235779924,0,logistic_regression,0.4
3728,0,0.1172015837707845,0,logistic_regression,0.4
3729,0,0.09936411965560671,0,logistic_regression,0.4
3737,0,0.675637978822224,1,logistic_regression,0.4
3748,0,0.8625604896310614,1,logistic_regression,0.4
3751,1,0.3474567093072438,0,logistic_regression,0.4
3762,0,0.3330401834723724,0,logistic_regression,0.4
3768,0,0.4043376937110155,1,logistic_regression,0.4
3771,0,0.15044688129189981,0,logistic_regression,0.4
3779,0,0.36345418316300293,0,logistic_regression,0.4
3780,1,0.820953325414309,1,logistic_regression,0.4
3789,0,0.06907077832160073,0,logistic_regression,0.4
3796,0,0.10869176424689213,0,logistic_regression,0.4
3802,0,0.16376732102295566,0,logistic_regression,0.4
3818,0,0.49206122578500955,1,logistic_regression,0.4
3820,1,0.4121542678849921,1,logistic_regression,0.4
3821,0,0.2025325817114854,0,logistic_regression,0.4
3828,0,0.4307753222414787,1,logistic_regression,0.4
3837,1,0.7341060066077261,1,logistic_regression,0.4
3840,0,0.13118517646851627,0,logistic_regression,0.4
3843,0,0.41234659378403,1,logistic_regression,0.4
3849,0,0.054366999502204784,0,logistic_regression,0.4
3852,0,0.07576104851091998,0,logistic_regression,0.4
3856,0,0.2572392491200846,0,logistic_regression,0.4
3862,0,0.8687658101842174,1,logistic_regression,0.4
3871,0,0.06558984210566518,0,logistic_regression,0.4
3872,0,0.4049731940717635,1,logistic_regression,0.4
3879,0,0.41345212696495354,1,logistic_regression,0.4
3894,0,0.19062469822867154,0,logistic_regression,0.4
3902,0,0.30853414045044764,0,logistic_regression,0.4
3911,0,0.24537040786090242,0,logistic_regression,0.4
3915,0,0.6788562297135806,1,logistic_regression,0.4
3922,1,0.6629737291891988,1,logistic_regression,0.4
3929,0,0.6192801957087275,1,logistic_regression,0.4
3942,0,0.20331602837497367,0,logistic_regression,0.4
3946,1,0.8561435189931548,1,logistic_regression,0.4
3949,0,0.12405590072179973,0,logistic_regression,0.4
3966,0,0.28602745590959844,0,logistic_regression,0.4
3980,0,0.2580755736307556,0,logistic_regression,0.4
3981,0,0.8159561505657951,1,logistic_regression,0.4
3989,0,0.17347673395759086,0,logistic_regression,0.4
3991,0,0.5287615986545064,1,logistic_regression,0.4
3992,1,0.5981379329433651,1,logistic_regression,0.4
3996,0,0.5376578040955626,1,logistic_regression,0.4
3997,0,0.2105339455929946,0,logistic_regression,0.4
4016,1,0.3687046077776631,0,logistic_regression,0.4
4018,0,0.7017038706021543,1,logistic_regression,0.4
4019,0,0.03771120310681315,0,logistic_regression,0.4
4026,0,0.03654553520652187,0,logistic_regression,0.4
4036,0,0.32739956224101835,0,logistic_regression,0.4
4042,0,0.06962180204400002,0,logistic_regression,0.4
4047,0,0.125054581837865,0,logistic_regression,0.4
4058,0,0.21103800583159696,0,logistic_regression,0.4
4061,0,0.42182141004376766,1,logistic_regression,0.4
4063,0,0.25881849121169653,0,logistic_regression,0.4
4065,0,0.6949528187135197,1,logistic_regression,0.4
4067,0,0.6540809309850174,1,logistic_regression,0.4
4079,1,0.39353263959435614,0,logistic_regression,0.4
4084,0,0.08225863934070679,0,logistic_regression,0.4
4089,0,0.07545190829165568,0,logistic_regression,0.4
4090,0,0.7301145648013088,1,logistic_regression,0.4
4096,0,0.3598032328436886,0,logistic_regression,0.4
4097,0,0.15769617407821895,0,logistic_regression,0.4
4103,0,0.07121039328243953,0,logistic_regression,0.4
4110,1,0.9176690014748535,1,logistic_regression,0.4
4116,0,0.2695465908313513,0,logistic_regression,0.4
4119,1,0.3436150349697966,0,logistic_regression,0.4
4132,0,0.06002169772114677,0,logistic_regression,0.4
4133,0,0.49983419730018613,1,logistic_regression,0.4
4138,0,0.2775054636208993,0,logistic_regression,0.4
4140,0,0.1385961573904516,0,logistic_regression,0.4
4149,1,0.7173444276041872,1,logistic_regression,0.4
4151,0,0.0885571136610223,0,logistic_regression,0.4
4157,1,0.6010645825321279,1,logistic_regression,0.4
4164,0,0.577706091475941,1,logistic_regression,0.4
4179,0,0.26740378157666145,0,logistic_regression,0.4
4180,1,0.4616071177071333,1,logistic_regression,0.4
4200,1,0.7527652634328563,1,logistic_regression,0.4
4202,0,0.41696645650600594,1,logistic_regression,0.4
4205,0,0.22371902302908372,0,logistic_regression,0.4
4214,1,0.8814805448793998,1,logistic_regression,0.4
4220,1,0.6141663169926052,1,logistic_regression,0.4
4225,1,0.659735374709376,1,logistic_regression,0.4
4226,0,0.903689000316203,1,logistic_regression,0.4
4229,0,0.4244320005369157,1,logistic_regression,0.4
4236,0,0.1556322739893065,0,logistic_regression,0.4
4245,0,0.8747706707061997,1,logistic_regression,0.4
4250,0,0.18034938304896928,0,logistic_regression,0.4
4259,0,0.6167186239574954,1,logistic_regression,0.4
4265,0,0.13218698230369297,0,logistic_regression,0.4
4266,0,0.058395425564706636,0,logistic_regression,0.4
4272,0,0.44510703087210896,1,logistic_regression,0.4
4275,1,0.6658192223079245,1,logistic_regression,0.4
4280,0,0.03721938004227623,0,logistic_regression,0.4
4287,0,0.4142338773746088,1,logistic_regression,0.4
4288,0,0.04007590066450268,0,logistic_regression,0.4
4292,1,0.4403367518821162,1,logistic_regression,0.4
4294,0,0.4017855189965331,1,logistic_regression,0.4
4303,0,0.6605126975917556,1,logistic_regression,0.4
4314,0,0.19169620067142926,0,logistic_regression,0.4
4315,0,0.5653654277470291,1,logistic_regression,0.4
4317,1,0.8202544161619489,1,logistic_regression,0.4
4318,0,0.23729307431088878,0,logistic_regression,0.4
4329,0,0.08829845736621986,0,logistic_regression,0.4
4333,1,0.4826317835077556,1,logistic_regression,0.4
4337,1,0.06462071804986075,0,logistic_regression,0.4
4343,0,0.5151856895878664,1,logistic_regression,0.4
4346,0,0.2357178297040711,0,logistic_regression,0.4
4350,0,0.5764991729315092,1,logistic_regression,0.4
4367,0,0.5301561968472397,1,logistic_regression,0.4
4368,0,0.7699488804664727,1,logistic_regression,0.4
4369,1,0.6994514880440353,1,logistic_regression,0.4
4372,0,0.18928833516235008,0,logistic_regression,0.4
4375,0,0.3015295094881966,0,logistic_regression,0.4
4380,1,0.6773971718758761,1,logistic_regression,0.4
4382,0,0.13483426309864166,0,logistic_regression,0.4
4384,0,0.7784367557316821,1,logistic_regression,0.4
4402,0,0.7070077569035931,1,logistic_regression,0.4
4407,0,0.06661352922834031,0,logistic_regression,0.4
4408,0,0.09970799450960777,0,logistic_regression,0.4
4410,0,0.29388759655839336,0,logistic_regression,0.4
4421,0,0.4012979043306813,1,logistic_regression,0.4
4424,1,0.5527221089182704,1,logistic_regression,0.4
4436,0,0.053777274595930895,0,logistic_regression,0.4
4439,0,0.05028868914201324,0,logistic_regression,0.4
4467,0,0.4274395742712426,1,logistic_regression,0.4
4468,0,0.5684792748342251,1,logistic_regression,0.4
4470,0,0.3987967343933932,0,logistic_regression,0.4
4487,0,0.4883552254763604,1,logistic_regression,0.4
4492,0,0.05105884458618228,0,logistic_regression,0.4
4497,0,0.7392927862874106,1,logistic_regression,0.4
4500,0,0.39118343961446245,0,logistic_regression,0.4
4501,0,0.08368959193069558,0,logistic_regression,0.4
4503,0,0.447812697027215,1,logistic_regression,0.4
4514,0,0.6206041466126835,1,logistic_regression,0.4
4519,0,0.30544846852020935,0,logistic_regression,0.4
4525,0,0.1345734555494632,0,logistic_regression,0.4
4529,1,0.39009609305746135,0,logistic_regression,0.4
4534,1,0.7845934901593552,1,logistic_regression,0.4
4535,0,0.11347560217500005,0,logistic_regression,0.4
4538,0,0.662972249847491,1,logistic_regression,0.4
4551,1,0.08932689109303679,0,logistic_regression,0.4
4552,0,0.17210602912971482,0,logistic_regression,0.4
4571,0,0.30279487231643876,0,logistic_regression,0.4
4576,1,0.9301301076793037,1,logistic_regression,0.4
4577,1,0.690955207482264,1,logistic_regression,0.4
4584,0,0.4329511048796555,1,logistic_regression,0.4
4589,0,0.3932987419492285,0,logistic_regression,0.4
4591,0,0.11280244103594585,0,logistic_regression,0.4
4594,0,0.06600749183926405,0,logistic_regression,0.4
4598,0,0.23793307363120994,0,logistic_regression,0.4
4601,1,0.39600947396305025,0,logistic_regression,0.4
4606,0,0.04898491387024062,0,logistic_regression,0.4
4617,1,0.2696833309404153,0,logistic_regression,0.4
4625,1,0.7383726372219678,1,logistic_regression,0.4
4636,1,0.5389606081201096,1,logistic_regression,0.4
4644,1,0.7934404875254285,1,logistic_regression,0.4
4645,0,0.7674182180153105,1,logistic_regression,0.4
4657,0,0.8755538770861981,1,logistic_regression,0.4
4658,1,0.907327703848124,1,logistic_regression,0.4
4665,0,0.8441292616108748,1,logistic_regression,0.4
4681,1,0.9233538050683089,1,logistic_regression,0.4
4683,0,0.5542225060903693,1,logistic_regression,0.4
4685,0,0.41794583324380474,1,logistic_regression,0.4
4687,0,0.09989617056394039,0,logistic_regression,0.4
4688,0,0.6627317030180909,1,logistic_regression,0.4
4690,0,0.12414213910069315,0,logistic_regression,0.4
4707,0,0.4825198601261095,1,logistic_regression,0.4
4713,0,0.05099602845846853,0,logistic_regression,0.4
4728,1,0.25939844955504826,0,logistic_regression,0.4
4730,1,0.5416974778157211,1,logistic_regression,0.4
4748,0,0.48367711058496565,1,logistic_regression,0.4
4760,0,0.41712599167167047,1,logistic_regression,0.4
4761,0,0.5505196086296998,1,logistic_regression,0.4
4767,0,0.6697690674775958,1,logistic_regression,0.4
4768,0,0.7123282632890062,1,logistic_regression,0.4
4769,0,0.13496335404024795,0,logistic_regression,0.4
4773,1,0.7527038559128699,1,logistic_regression,0.4
4775,1,0.6842359946084103,1,logistic_regression,0.4
4795,1,0.8609498695392862,1,logistic_regression,0.4
4802,1,0.6641999899341134,1,logistic_regression,0.4
4804,0,0.08335270713864967,0,logistic_regression,0.4
4807,0,0.03498376497351951,0,logistic_regression,0.4
4823,1,0.6640015891038625,1,logistic_regression,0.4
4832,1,0.3238518045672936,0,logistic_regression,0.4
4837,0,0.0999475156507245,0,logistic_regression,0.4
4851,0,0.49309560220205556,1,logistic_regression,0.4
4858,1,0.5807524110715758,1,logistic_regression,0.4
4865,0,0.472233061713605,1,logistic_regression,0.4
4870,1,0.9227054025229476,1,logistic_regression,0.4
4872,0,0.48039107560115274,1,logistic_regression,0.4
4880,0,0.3838827856843103,0,logistic_regression,0.4
4886,0,0.8926739635771206,1,logistic_regression,0.4
4887,0,0.2865672947674282,0,logistic_regression,0.4
4895,0,0.17445979880473408,0,logistic_regression,0.4
4898,1,0.8828561618900421,1,logistic_regression,0.4
4899,0,0.2837147177562246,0,logistic_regression,0.4
4902,0,0.09729946176431035,0,logistic_regression,0.4
4920,0,0.5197743271661872,1,logistic_regression,0.4
4923,0,0.278601701095241,0,logistic_regression,0.4
4926,0,0.04948101958099494,0,logistic_regression,0.4
4930,0,0.8095225703411403,1,logistic_regression,0.4
4932,1,0.6777853943056673,1,logistic_regression,0.4
4934,0,0.404602038243628,1,logistic_regression,0.4
4936,0,0.17623686727557186,0,logistic_regression,0.4
4954,0,0.05904501280894627,0,logistic_regression,0.4
4962,0,0.6917229715556538,1,logistic_regression,0.4
4967,1,0.8336468144108066,1,logistic_regression,0.4
4985,0,0.16926408555038497,0,logistic_regression,0.4
4991,1,0.31642245136627545,0,logistic_regression,0.4
4992,0,0.16527003807036175,0,logistic_regression,0.4
4997,0,0.06606601861782269,0,logistic_regression,0.4
5019,0,0.6061181806690431,1,logistic_regression,0.4
5024,0,0.4803196443501003,1,logistic_regression,0.4
5028,0,0.15702249074777258,0,logistic_regression,0.4
5033,0,0.2570586019176141,0,logistic_regression,0.4
5036,0,0.3111324473052565,0,logistic_regression,0.4
5047,0,0.2828221503706805,0,logistic_regression,0.4
5056,1,0.5687415390067047,1,logistic_regression,0.4
5072,0,0.07630671823311036,0,logistic_regression,0.4
5078,0,0.8512792446419204,1,logistic_regression,0.4
5083,1,0.7797769879146867,1,logistic_regression,0.4
5091,1,0.3785121720112988,0,logistic_regression,0.4
5092,0,0.27992947353289155,0,logistic_regression,0.4
5110,0,0.542394341718141,1,logistic_regression,0.4
5125,0,0.24436274295055804,0,logistic_regression,0.4
5127,0,0.23653509502989767,0,logistic_regression,0.4
5128,1,0.29471256679442914,0,logistic_regression,0.4
5148,1,0.9646401391076586,1,logistic_regression,0.4
5158,0,0.5345213372512766,1,logistic_regression,0.4
5168,0,0.28681230757584175,0,logistic_regression,0.4
5181,0,0.07281409379489528,0,logistic_regression,0.4
5186,1,0.5030396643057109,1,logistic_regression,0.4
5189,0,0.5608194724126047,1,logistic_regression,0.4
5195,0,0.2192463760070386,0,logistic_regression,0.4
5207,1,0.1170701360096076,0,logistic_regression,0.4
5208,0,0.39198871026937676,0,logistic_regression,0.4
5216,0,0.2727167549900163,0,logistic_regression,0.4
5221,0,0.6293640261781256,1,logistic_regression,0.4
5222,1,0.9386877553738753,1,logistic_regression,0.4
5224,0,0.07844298151667675,0,logistic_regression,0.4
5233,0,0.05899767162920594,0,logistic_regression,0.4
5242,1,0.9140085903241943,1,logistic_regression,0.4
5243,0,0.4239646882486161,1,logistic_regression,0.4
5251,0,0.27156557306500045,0,logistic_regression,0.4
5266,0,0.1875515134261421,0,logistic_regression,0.4
5280,1,0.6708202417256091,1,logistic_regression,0.4
5281,0,0.12126559585095448,0,logistic_regression,0.4
5284,0,0.5545293639324286,1,logistic_regression,0.4
5287,1,0.80833595827951,1,logistic_regression,0.4
5288,1,0.8015859348376851,1,logistic_regression,0.4
5297,1,0.6664971287959169,1,logistic_regression,0.4
5303,0,0.7566439575491266,1,logistic_regression,0.4
5307,0,0.2950579262053801,0,logistic_regression,0.4
5318,0,0.7435173278837061,1,logistic_regression,0.4
5322,0,0.7782692112446317,1,logistic_regression,0.4
5331,0,0.6652064282325558,1,logistic_regression,0.4
5347,0,0.517328746999696,1,logistic_regression,0.4
5356,0,0.8064377103517796,1,logistic_regression,0.4
5369,0,0.16145355340224285,0,logistic_regression,0.4
5379,0,0.5658011952779533,1,logistic_regression,0.4
5381,0,0.3885720603250479,0,logistic_regression,0.4
5384,1,0.1402013009602559,0,logistic_regression,0.4
5388,0,0.0324777123188994,0,logistic_regression,0.4
5401,0,0.28620043348905316,0,logistic_regression,0.4
5402,0,0.6420820520046849,1,logistic_regression,0.4
5404,0,0.48652843756233194,1,logistic_regression,0.4
5406,0,0.46919102704190074,1,logistic_regression,0.4
5408,0,0.08853592029395793,0,logistic_regression,0.4
5414,0,0.7397655470099423,1,logistic_regression,0.4
5415,0,0.7989841113792007,1,logistic_regression,0.4
5418,0,0.14319878788201637,0,logistic_regression,0.4
5419,1,0.7474344408172762,1,logistic_regression,0.4
5432,0,0.7088675600224442,1,logistic_regression,0.4
5434,0,0.6717190773128554,1,logistic_regression,0.4
5440,1,0.3652990165580592,0,logistic_regression,0.4
5444,0,0.4684301451306688,1,logistic_regression,0.4
5451,0,0.6446019045592266,1,logistic_regression,0.4
5455,0,0.3448985243795449,0,logistic_regression,0.4
5458,0,0.6345059088080696,1,logistic_regression,0.4
5461,1,0.48084683910937787,1,logistic_regression,0.4
5472,0,0.3950431216328483,0,logistic_regression,0.4
5473,0,0.2844365436387583,0,logistic_regression,0.4
5475,0,0.13815759495120866,0,logistic_regression,0.4
5479,0,0.49938775616547754,1,logistic_regression,0.4
5489,1,0.7792574455507342,1,logistic_regression,0.4
5492,0,0.15680829594032084,0,logistic_regression,0.4
5496,0,0.11314822793902514,0,logistic_regression,0.4
5498,1,0.8734444277032503,1,logistic_regression,0.4
5502,0,0.055841856072225034,0,logistic_regression,0.4
5519,0,0.33347678595340824,0,logistic_regression,0.4
5557,0,0.21809374354953923,0,logistic_regression,0.4
5573,0,0.45676268653327906,1,logistic_regression,0.4
5578,1,0.7379623656980334,1,logistic_regression,0.4
5583,0,0.3837999567170219,0,logistic_regression,0.4
5597,0,0.09453936345437519,0,logistic_regression,0.4
5600,1,0.8600854731483109,1,logistic_regression,0.4
5605,1,0.394923513091642,0,logistic_regression,0.4
5606,0,0.2678087513677919,0,logistic_regression,0.4
5610,0,0.5123423212725741,1,logistic_regression,0.4
5623,0,0.461544534248244,1,logistic_regression,0.4
5624,0,0.19349841688563768,0,logistic_regression,0.4
5626,0,0.045299324325218396,0,logistic_regression,0.4
5644,0,0.6780805498627426,1,logistic_regression,0.4
5669,0,0.3547610576587898,0,logistic_regression,0.4
5681,0,0.27440377286502576,0,logistic_regression,0.4
5687,0,0.5474538246321112,1,logistic_regression,0.4
5706,0,0.16705948418416433,0,logistic_regression,0.4
5711,0,0.44151138079991387,1,logistic_regression,0.4
5715,0,0.3102976559282023,0,logistic_regression,0.4
5733,0,0.3722873838130218,0,logistic_regression,0.4
5735,1,0.7503673225723226,1,logistic_regression,0.4
5744,0,0.0777736596814524,0,logistic_regression,0.4
5777,1,0.3493282997038578,0,logistic_regression,0.4
5779,0,0.055448595901335114,0,logistic_regression,0.4
5794,0,0.2659878693601081,0,logistic_regression,0.4
5801,0,0.07046697694632288,0,logistic_regression,0.4
5803,0,0.08192320808647434,0,logistic_regression,0.4
5814,1,0.7497603919961895,1,logistic_regression,0.4
5826,0,0.0986533454922148,0,logistic_regression,0.4
5829,0,0.11330517887555912,0,logistic_regression,0.4
5839,1,0.5550755380051389,1,logistic_regression,0.4
5842,0,0.07720943525672247,0,logistic_regression,0.4
5845,0,0.29236455013763013,0,logistic_regression,0.4
5848,0,0.4240718452328827,1,logistic_regression,0.4
5855,0,0.561175485198194,1,logistic_regression,0.4
5864,1,0.9304685397796261,1,logistic_regression,0.4
5867,0,0.3207918375339549,0,logistic_regression,0.4
5870,0,0.15641843123515695,0,logistic_regression,0.4
5875,0,0.6242072222440489,1,logistic_regression,0.4
5877,0,0.07704973319977972,0,logistic_regression,0.4
5879,0,0.10765618646177182,0,logistic_regression,0.4
5882,0,0.6805717936429511,1,logistic_regression,0.4
5884,0,0.1968681530345931,0,logistic_regression,0.4
5888,0,0.2675762587611083,0,logistic_regression,0.4
5891,1,0.8003513292126283,1,logistic_regression,0.4
5897,1,0.8139754416102594,1,logistic_regression,0.4
5909,0,0.5695394747197474,1,logistic_regression,0.4
5922,1,0.18145559742478368,0,logistic_regression,0.4
5927,1,0.8429274243404035,1,logistic_regression,0.4
5930,0,0.07701718344742041,0,logistic_regression,0.4
5933,0,0.24098328821524198,0,logistic_regression,0.4
5946,0,0.1816904810085381,0,logistic_regression,0.4
5949,0,0.07591382207549945,0,logistic_regression,0.4
5955,0,0.3748436285000678,0,logistic_regression,0.4
5960,0,0.37220938204173903,0,logistic_regression,0.4
5965,0,0.3155506668193985,0,logistic_regression,0.4
5979,0,0.3431823003914085,0,logistic_regression,0.4
5984,0,0.22009407163289504,0,logistic_regression,0.4
5986,0,0.2362642536671485,0,logistic_regression,0.4
5997,0,0.881986311294616,1,logistic_regression,0.4
5998,1,0.2846233158271869,0,logistic_regression,0.4
6003,0,0.5066830364629379,1,logistic_regression,0.4
6013,0,0.2988400544697376,0,logistic_regression,0.4
6019,0,0.47465071675944676,1,logistic_regression,0.4
6021,1,0.8680456351583398,1,logistic_regression,0.4
6028,1,0.8963866443255057,1,logistic_regression,0.4
6038,0,0.2631384332292274,0,logistic_regression,0.4
6040,0,0.14442234819846844,0,logistic_regression,0.4
6049,0,0.08655769501705363,0,logistic_regression,0.4
6057,1,0.7657665887818289,1,logistic_regression,0.4
6064,0,0.043375096850388505,0,logistic_regression,0.4
6072,0,0.5941721441756892,1,logistic_regression,0.4
6076,0,0.03155289426677293,0,logistic_regression,0.4
6079,1,0.19081507320870594,0,logistic_regression,0.4
6084,0,0.4179183389808923,1,logistic_regression,0.4
6088,0,0.1296107204066804,0,logistic_regression,0.4
6101,1,0.3036635377886172,0,logistic_regression,0.4
6102,0,0.19042115402402865,0,logistic_regression,0.4
6103,0,0.49845395331553183,1,logistic_regression,0.4
6110,1,0.6124320396015892,1,logistic_regression,0.4
6120,0,0.21820968775955468,0,logistic_regression,0.4
6130,0,0.4984979015400453,1,logistic_regression,0.4
6133,1,0.8399559683716193,1,logistic_regression,0.4
6136,1,0.7700343282375317,1,logistic_regression,0.4
6153,0,0.16638917865478947,0,logistic_regression,0.4
6175,0,0.17713863738295438,0,logistic_regression,0.4
6176,0,0.2916962310987986,0,logistic_regression,0.4
6177,0,0.19851422427312784,0,logistic_regression,0.4
6178,0,0.658266413263958,1,logistic_regression,0.4
6180,0,0.7092867992709838,1,logistic_regression,0.4
6193,0,0.4062660478587139,1,logistic_regression,0.4
6198,1,0.34905532669677347,0,logistic_regression,0.4
6203,0,0.4711427863728574,1,logistic_regression,0.4
6204,0,0.4539310235986536,1,logistic_regression,0.4
6205,0,0.5817800068401285,1,logistic_regression,0.4
6212,0,0.3092264602813022,0,logistic_regression,0.4
6219,0,0.480291911971277,1,logistic_regression,0.4
6221,1,0.5967650781029988,1,logistic_regression,0.4
6224,0,0.17885355924361662,0,logistic_regression,0.4
6230,0,0.23601818417314654,0,logistic_regression,0.4
6258,0,0.6817882110807881,1,logistic_regression,0.4
6259,1,0.12582934820199057,0,logistic_regression,0.4
6262,0,0.28159825048362735,0,logistic_regression,0.4
6263,0,0.05955402457154188,0,logistic_regression,0.4
6267,0,0.3389300875078859,0,logistic_regression,0.4
6285,0,0.1474602231742017,0,logistic_regression,0.4
6286,0,0.06900606730155245,0,logistic_regression,0.4
6291,0,0.06321254090802751,0,logistic_regression,0.4
6297,0,0.1661573877959329,0,logistic_regression,0.4
6312,0,0.052074122117235846,0,logistic_regression,0.4
6328,0,0.25284214835973534,0,logistic_regression,0.4
6342,0,0.5269881608978151,1,logistic_regression,0.4
6345,0,0.34715525967482985,0,logistic_regression,0.4
6350,0,0.0968288525867326,0,logistic_regression,0.4
6354,1,0.7735906975847314,1,logistic_regression,0.4
6357,0,0.698806051119572,1,logistic_regression,0.4
6363,0,0.10826241057442067,0,logistic_regression,0.4
6364,0,0.07186550080922938,0,logistic_regression,0.4
6374,0,0.41522824368997024,1,logistic_regression,0.4
6375,1,0.9165165202333453,1,logistic_regression,0.4
6376,1,0.13048598107428463,0,logistic_regression,0.4
6378,1,0.7538716250088239,1,logistic_regression,0.4
6387,0,0.40709647032219304,1,logistic_regression,0.4
6402,1,0.4974332562767928,1,logistic_regression,0.4
6403,0,0.07277373150289795,0,logistic_regression,0.4
6408,0,0.8306310502520782,1,logistic_regression,0.4
6409,0,0.04893062790122946,0,logistic_regression,0.4
6410,0,0.09875634993125972,0,logistic_regression,0.4
6423,1,0.9311779966123881,1,logistic_regression,0.4
6432,0,0.8528741211435619,1,logistic_regression,0.4
6433,0,0.054683526939434846,0,logistic_regression,0.4
6452,0,0.5457136702326202,1,logistic_regression,0.4
6460,0,0.17869396935737253,0,logistic_regression,0.4
6463,0,0.7139406759853938,1,logistic_regression,0.4
6465,0,0.602513491286303,1,logistic_regression,0.4
6484,0,0.48587011205256253,1,logistic_regression,0.4
6487,0,0.09545715365579341,0,logistic_regression,0.4
6504,0,0.11914781304886843,0,logistic_regression,0.4
6508,0,0.8039958144611828,1,logistic_regression,0.4
6514,0,0.04820896901466172,0,logistic_regression,0.4
6515,0,0.08683204054900963,0,logistic_regression,0.4
6518,0,0.3111343670883507,0,logistic_regression,0.4
6519,1,0.8338140994012849,1,logistic_regression,0.4
6522,0,0.08450746021701301,0,logistic_regression,0.4
6524,0,0.32049214236917917,0,logistic_regression,0.4
6536,1,0.2786794167515091,0,logistic_regression,0.4
6543,0,0.42050480330387513,1,logistic_regression,0.4
6547,1,0.7192412626328702,1,logistic_regression,0.4
6574,0,0.23693215413325724,0,logistic_regression,0.4
6582,1,0.5880073781562973,1,logistic_regression,0.4
6584,0,0.05757234308971741,0,logistic_regression,0.4
6589,0,0.46788017754134076,1,logistic_regression,0.4
6607,1,0.629928484240211,1,logistic_regression,0.4
6617,0,0.5882151243328485,1,logistic_regression,0.4
6618,0,0.05784266319687325,0,logistic_regression,0.4
6619,0,0.3680398191108139,0,logistic_regression,0.4
6625,0,0.19425022865349048,0,logistic_regression,0.4
6627,1,0.8983258264509001,1,logistic_regression,0.4
6635,0,0.17303861462338596,0,logistic_regression,0.4
6641,0,0.13118091774455168,0,logistic_regression,0.4
6647,1,0.3805448642987679,0,logistic_regression,0.4
6648,0,0.7844540773084104,1,logistic_regression,0.4
6665,0,0.19593517630313761,0,logistic_regression,0.4
6672,0,0.2954615881053575,0,logistic_regression,0.4
6684,0,0.31616275773575436,0,logistic_regression,0.4
6685,1,0.9165901771647912,1,logistic_regression,0.4
6697,0,0.27267204160619507,0,logistic_regression,0.4
6698,0,0.1496077543807361,0,logistic_regression,0.4
6701,1,0.7095758228079867,1,logistic_regression,0.4
6706,0,0.6782693212082667,1,logistic_regression,0.4
6711,0,0.5624149036056714,1,logistic_regression,0.4
6714,0,0.4976975651134202,1,logistic_regression,0.4
6715,0,0.5136994439398392,1,logistic_regression,0.4
6721,0,0.3036735102177423,0,logistic_regression,0.4
6724,0,0.22468382686959032,0,logistic_regression,0.4
6737,0,0.25382384590835017,0,logistic_regression,0.4
6741,0,0.20588563633001214,0,logistic_regression,0.4
6745,1,0.9130633136093036,1,logistic_regression,0.4
6758,0,0.18930829954864625,0,logistic_regression,0.4
6772,0,0.805099304501747,1,logistic_regression,0.4
6773,0,0.21733004749028814,0,logistic_regression,0.4
6775,0,0.7113164526075425,1,logistic_regression,0.4
6777,0,0.5196068571776029,1,logistic_regression,0.4
6787,1,0.8413942709826772,1,logistic_regression,0.4
6790,0,0.11148060055809493,0,logistic_regression,0.4
6792,1,0.8442367276798862,1,logistic_regression,0.4
6794,1,0.633439682443638,1,logistic_regression,0.4
6795,0,0.2452333959396481,0,logistic_regression,0.4
6801,0,0.42384427679302805,1,logistic_regression,0.4
6815,0,0.44270461809260897,1,logistic_regression,0.4
6819,0,0.8997796068752533,1,logistic_regression,0.4
6822,1,0.30936246153432284,0,logistic_regression,0.4
6828,1,0.605834720480702,1,logistic_regression,0.4
6830,0,0.26579491978683867,0,logistic_regression,0.4
6833,0,0.7094366058448786,1,logistic_regression,0.4
6834,0,0.09203199346509608,0,logistic_regression,0.4
6843,0,0.17746535799066632,0,logistic_regression,0.4
6848,0,0.2319965587691656,0,logistic_regression,0.4
6849,0,0.19013942144688536,0,logistic_regression,0.4
6854,0,0.44968882657027537,1,logistic_regression,0.4
6860,1,0.38083057929292985,0,logistic_regression,0.4
6864,0,0.12272582395389059,0,logistic_regression,0.4
6865,0,0.22072851565328006,0,logistic_regression,0.4
6873,0,0.1908391550390671,0,logistic_regression,0.4
6878,0,0.4471644585270467,1,logistic_regression,0.4
6883,0,0.4069707037751212,1,logistic_regression,0.4
6885,0,0.8699699124980268,1,logistic_regression,0.4
6890,0,0.059643181867448346,0,logistic_regression,0.4
6901,0,0.6309883919541184,1,logistic_regression,0.4
6906,0,0.17066386072351292,0,logistic_regression,0.4
6915,0,0.3587040968682576,0,logistic_regression,0.4
6922,0,0.14188339486750315,0,logistic_regression,0.4
6933,0,0.08232147938411051,0,logistic_regression,0.4
6937,0,0.2689276958012938,0,logistic_regression,0.4
6940,1,0.7930730777777343,1,logistic_regression,0.4
6941,0,0.5293980224191138,1,logistic_regression,0.4
6945,0,0.13007981805255614,0,logistic_regression,0.4
6949,0,0.04737852794685394,0,logistic_regression,0.4
6954,0,0.6701593579585262,1,logistic_regression,0.4
6958,0,0.5897397898218074,1,logistic_regression,0.4
6972,0,0.11285126473048376,0,logistic_regression,0.4
6974,0,0.16404600902922722,0,logistic_regression,0.4
6987,0,0.3154780960227128,0,logistic_regression,0.4
6991,0,0.6123358473887405,1,logistic_regression,0.4
6994,0,0.2372327489131151,0,logistic_regression,0.4
7001,1,0.4998531130794786,1,logistic_regression,0.4
7002,0,0.10490020105189732,0,logistic_regression,0.4
7019,1,0.8595477710015487,1,logistic_regression,0.4
7026,0,0.38987384774533423,0,logistic_regression,0.4
7040,0,0.23158553808997168,0,logistic_regression,0.4
7044,0,0.0581170024897229,0,logistic_regression,0.4
7047,0,0.38834245640838,0,logistic_regression,0.4
7048,0,0.7222987988397274,1,logistic_regression,0.4
7057,0,0.030047089221577943,0,logistic_regression,0.4
7064,0,0.1527431978348043,0,logistic_regression,0.4
7083,0,0.039637039031563556,0,logistic_regression,0.4
7097,0,0.4204727714808559,1,logistic_regression,0.4
7112,0,0.14608273941147962,0,logistic_regression,0.4
7122,0,0.3021759832478258,0,logistic_regression,0.4
7127,0,0.13383509191088433,0,logistic_regression,0.4
7143,0,0.1260678753210839,0,logistic_regression,0.4
7147,0,0.6074176934331741,1,logistic_regression,0.4
7170,0,0.17100495510834138,0,logistic_regression,0.4
7181,0,0.7396830078359171,1,logistic_regression,0.4
7190,0,0.8527276357262227,1,logistic_regression,0.4
7199,0,0.15738750369197313,0,logistic_regression,0.4
7200,0,0.44597224828208315,1,logistic_regression,0.4
7202,1,0.8746385020546487,1,logistic_regression,0.4
7219,0,0.22638685531457547,0,logistic_regression,0.4
7226,0,0.27983635113786703,0,logistic_regression,0.4
7230,0,0.18932550543759546,0,logistic_regression,0.4
7231,0,0.29099383001146545,0,logistic_regression,0.4
7232,0,0.04791299099243299,0,logistic_regression,0.4
7236,0,0.7616797512543291,1,logistic_regression,0.4
7239,0,0.12676233711672757,0,logistic_regression,0.4
7264,0,0.12861993783593037,0,logistic_regression,0.4
7269,0,0.08391438362654963,0,logistic_regression,0.4
7276,0,0.19272401833823025,0,logistic_regression,0.4
7280,0,0.7715269399819027,1,logistic_regression,0.4
7283,0,0.31349364453737527,0,logistic_regression,0.4
7284,0,0.10020211221969111,0,logistic_regression,0.4
7288,0,0.1861915634296168,0,logistic_regression,0.4
7292,0,0.02692329598607808,0,logistic_regression,0.4
7300,0,0.44737871266227325,1,logistic_regression,0.4
7304,0,0.0462565339481726,0,logistic_regression,0.4
7308,0,0.3239453748324272,0,logistic_regression,0.4
7326,0,0.523466972541402,1,logistic_regression,0.4
7332,1,0.8447800236350697,1,logistic_regression,0.4
7333,0,0.2644064944748646,0,logistic_regression,0.4
7335,0,0.6447609481346968,1,logistic_regression,0.4
7338,0,0.5532779888292028,1,logistic_regression,0.4
7342,0,0.16173442477906094,0,logistic_regression,0.4
7345,0,0.9289075672679125,1,logistic_regression,0.4
7348,1,0.68638713857906,1,logistic_regression,0.4
7351,1,0.7719511355648624,1,logistic_regression,0.4
7352,0,0.32325066973571304,0,logistic_regression,0.4
7360,0,0.3098881373630243,0,logistic_regression,0.4
7367,1,0.4740784493489409,1,logistic_regression,0.4
7369,0,0.562358727746458,1,logistic_regression,0.4
7370,0,0.18887689511806946,0,logistic_regression,0.4
7378,0,0.6731859891149624,1,logistic_regression,0.4
7382,1,0.13488266525136255,0,logistic_regression,0.4
7413,1,0.83657178945204,1,logistic_regression,0.4
7416,0,0.06346833945069283,0,logistic_regression,0.4
7428,0,0.8861476697609948,1,logistic_regression,0.4
7434,0,0.31483833567192815,0,logistic_regression,0.4
7442,0,0.22118444563459044,0,logistic_regression,0.4
7465,1,0.8554941305523283,1,logistic_regression,0.4
7467,0,0.6657441389920996,1,logistic_regression,0.4
7484,0,0.38439391058914246,0,logistic_regression,0.4
7485,0,0.26998014426403716,0,logistic_regression,0.4
7489,0,0.7266582129665888,1,logistic_regression,0.4
7490,0,0.13533944497443562,0,logistic_regression,0.4
7491,0,0.2703749583842382,0,logistic_regression,0.4
7493,0,0.22239912048364674,0,logistic_regression,0.4
7499,0,0.6080594734328669,1,logistic_regression,0.4
7506,0,0.3731447159138264,0,logistic_regression,0.4
7514,0,0.0405060734698684,0,logistic_regression,0.4
7522,1,0.9019506367769753,1,logistic_regression,0.4
7526,0,0.19677786952736523,0,logistic_regression,0.4
7529,0,0.34088332264825105,0,logistic_regression,0.4
7549,0,0.3699541848084519,0,logistic_regression,0.4
7557,0,0.6079836300837564,1,logistic_regression,0.4
7558,0,0.38129731498202457,0,logistic_regression,0.4
7571,0,0.47826829536274496,1,logistic_regression,0.4
7574,0,0.2817403910578587,0,logistic_regression,0.4
7575,0,0.22230107459221818,0,logistic_regression,0.4
7584,0,0.09856221881937118,0,logistic_regression,0.4
7585,0,0.22936936219642132,0,logistic_regression,0.4
7597,0,0.4710225391160379,1,logistic_regression,0.4
7603,1,0.8860333156307202,1,logistic_regression,0.4
7615,1,0.8249343040820495,1,logistic_regression,0.4
7641,0,0.667207938002539,1,logistic_regression,0.4
7648,0,0.40491416896538296,1,logistic_regression,0.4
7652,0,0.04503663819908988,0,logistic_regression,0.4
7662,0,0.2653090145832659,0,logistic_regression,0.4
7668,0,0.5373671077469517,1,logistic_regression,0.4
7669,0,0.14169325946448014,0,logistic_regression,0.4
7679,0,0.7634866137112636,1,logistic_regression,0.4
7680,0,0.05477893159596388,0,logistic_regression,0.4
7682,1,0.8532374022201746,1,logistic_regression,0.4
7684,0,0.6481044635472759,1,logistic_regression,0.4
7687,0,0.2059124210086548,0,logistic_regression,0.4
7699,1,0.5673895634261517,1,logistic_regression,0.4
7701,0,0.4850601243900101,1,logistic_regression,0.4
7704,0,0.16774218071864638,0,logistic_regression,0.4
7707,0,0.3228147067383381,0,logistic_regression,0.4
7716,0,0.5548709664329688,1,logistic_regression,0.4
7729,0,0.08433757518666571,0,logistic_regression,0.4
7731,0,0.4130133471908498,1,logistic_regression,0.4
7733,0,0.20444220684658623,0,logistic_regression,0.4
7748,0,0.40425306741798095,1,logistic_regression,0.4
7764,1,0.8901100855002745,1,logistic_regression,0.4
7772,0,0.351048835118072,0,logistic_regression,0.4
7783,0,0.25087043039558865,0,logistic_regression,0.4
7799,0,0.3774551319217306,0,logistic_regression,0.4
7800,1,0.6312866486510945,1,logistic_regression,0.4
7808,1,0.8498253508461223,1,logistic_regression,0.4
7810,0,0.23705590616784702,0,logistic_regression,0.4
7813,0,0.3640826997467761,0,logistic_regression,0.4
7819,0,0.33611488202841794,0,logistic_regression,0.4
7821,0,0.37454373821620657,0,logistic_regression,0.4
7824,0,0.14775399208052703,0,logistic_regression,0.4
7826,0,0.1628075064247756,0,logistic_regression,0.4
7833,0,0.09819274842272198,0,logistic_regression,0.4
7834,1,0.4282692641103375,1,logistic_regression,0.4
7836,0,0.4482610975030419,1,logistic_regression,0.4
7840,0,0.07810137975996292,0,logistic_regression,0.4
7850,1,0.9319072259902921,1,logistic_regression,0.4
7856,0,0.2872685436190136,0,logistic_regression,0.4
7861,0,0.10188373916328836,0,logistic_regression,0.4
7875,0,0.49777280787147354,1,logistic_regression,0.4
7883,1,0.9366529074628317,1,logistic_regression,0.4
7885,1,0.5212077053133481,1,logistic_regression,0.4
7895,0,0.22087932336555607,0,logistic_regression,0.4
7910,0,0.30420764441794657,0,logistic_regression,0.4
7913,1,0.3782916388040758,0,logistic_regression,0.4
7929,0,0.13245739131119708,0,logistic_regression,0.4
7937,0,0.3132905092859736,0,logistic_regression,0.4
7955,0,0.11858130833379917,0,logistic_regression,0.4
7960,0,0.7093394515673777,1,logistic_regression,0.4
7969,1,0.6276685067308058,1,logistic_regression,0.4
7973,0,0.155414741990693,0,logistic_regression,0.4
7979,1,0.9365233542521396,1,logistic_regression,0.4
7988,1,0.6711193390822692,1,logistic_regression,0.4
8007,1,0.626582668655084,1,logistic_regression,0.4
8017,0,0.22750069517427388,0,logistic_regression,0.4
8056,0,0.1430722758795723,0,logistic_regression,0.4
8060,0,0.05157872708638865,0,logistic_regression,0.4
8063,0,0.08722235367678159,0,logistic_regression,0.4
8065,0,0.6722221694036272,1,logistic_regression,0.4
8070,0,0.5313298083595005,1,logistic_regression,0.4
8074,0,0.11304370284590384,0,logistic_regression,0.4
8075,1,0.792466519716974,1,logistic_regression,0.4
8079,0,0.2114929537813696,0,logistic_regression,0.4
8089,0,0.09806575100659792,0,logistic_regression,0.4
8097,0,0.17796882149427826,0,logistic_regression,0.4
8098,0,0.22808673400607454,0,logistic_regression,0.4
8109,0,0.29545023070773807,0,logistic_regression,0.4
8126,1,0.816674851472407,1,logistic_regression,0.4
8142,0,0.2576832905059037,0,logistic_regression,0.4
8144,0,0.5213866884035411,1,logistic_regression,0.4
8148,0,0.48955356897252855,1,logistic_regression,0.4
8151,0,0.24087316350633234,0,logistic_regression,0.4
8155,0,0.27934577936054866,0,logistic_regression,0.4
8156,0,0.21516427964959262,0,logistic_regression,0.4
8170,0,0.27776112660609453,0,logistic_regression,0.4
8177,1,0.8335026159468178,1,logistic_regression,0.4
8183,0,0.21957926985811396,0,logistic_regression,0.4
8187,0,0.22610747639130338,0,logistic_regression,0.4
8191,1,0.826643468209062,1,logistic_regression,0.4
8206,0,0.17856140672625723,0,logistic_regression,0.4
8213,1,0.7630611622106065,1,logistic_regression,0.4
8216,0,0.7927681387589651,1,logistic_regression,0.4
8217,1,0.07776759784043702,0,logistic_regression,0.4
8218,0,0.16258947343367522,0,logistic_regression,0.4
8223,0,0.1483240927413842,0,logistic_regression,0.4
8224,0,0.46972077216386476,1,logistic_regression,0.4
8225,0,0.14425202032027173,0,logistic_regression,0.4
8226,1,0.6724151533293184,1,logistic_regression,0.4
8229,0,0.049954683375443204,0,logistic_regression,0.4
8230,1,0.9390942006437396,1,logistic_regression,0.4
8234,1,0.6723637296158571,1,logistic_regression,0.4
8238,0,0.14779689906321908,0,logistic_regression,0.4
8252,0,0.7709103122184126,1,logistic_regression,0.4
8257,1,0.8173608285962394,1,logistic_regression,0.4
8260,0,0.09182185309621954,0,logistic_regression,0.4
8263,0,0.08995391501143402,0,logistic_regression,0.4
8269,0,0.09864238430330458,0,logistic_regression,0.4
8277,0,0.5784775447446219,1,logistic_regression,0.4
8283,0,0.2080033625149909,0,logistic_regression,0.4
8289,0,0.3457194510582413,0,logistic_regression,0.4
8306,0,0.05111168771464846,0,logistic_regression,0.4
8317,0,0.10611340809357295,0,logistic_regression,0.4
8321,0,0.923275037422353,1,logistic_regression,0.4
8333,0,0.5206541918435723,1,logistic_regression,0.4
8334,1,0.4061474812879381,1,logistic_regression,0.4
8337,0,0.16818401910147082,0,logistic_regression,0.4
8338,0,0.39843642242335475,0,logistic_regression,0.4
8342,0,0.6671356390991964,1,logistic_regression,0.4
8359,1,0.8458331592768117,1,logistic_regression,0.4
8360,0,0.05305243961706279,0,logistic_regression,0.4
8366,0,0.5043638012297668,1,logistic_regression,0.4
8367,0,0.22967366229256844,0,logistic_regression,0.4
8373,0,0.03454358368763747,0,logistic_regression,0.4
8379,0,0.7108381505275563,1,logistic_regression,0.4
8385,0,0.0711363682811662,0,logistic_regression,0.4
8393,0,0.6042092123498654,1,logistic_regression,0.4
8397,1,0.14268249488300466,0,logistic_regression,0.4
8401,0,0.6353706519310439,1,logistic_regression,0.4
8407,0,0.43859110889154,1,logistic_regression,0.4
8415,0,0.12257306541375124,0,logistic_regression,0.4
8423,1,0.7148747271449977,1,logistic_regression,0.4
8427,0,0.576644121312476,1,logistic_regression,0.4
8434,1,0.8854983233962647,1,logistic_regression,0.4
8442,0,0.45060497833915936,1,logistic_regression,0.4
8459,1,0.8854614339351454,1,logistic_regression,0.4
8473,0,0.7219820921579316,1,logistic_regression,0.4
8481,0,0.34460356129079717,0,logistic_regression,0.4
8483,0,0.07274484915298796,0,logistic_regression,0.4
8485,1,0.9370442161172547,1,logistic_regression,0.4
8487,0,0.10529947319031296,0,logistic_regression,0.4
8501,1,0.7250129785325221,1,logistic_regression,0.4
8505,1,0.5407350523321753,1,logistic_regression,0.4
8506,0,0.20091442656806377,0,logistic_regression,0.4
8513,1,0.7762493561845327,1,logistic_regression,0.4
8530,0,0.8903087420780517,1,logistic_regression,0.4
8532,0,0.17986696859223697,0,logistic_regression,0.4
8545,0,0.4076457598895238,1,logistic_regression,0.4
8547,1,0.9135449835337043,1,logistic_regression,0.4
8550,0,0.25115828161637105,0,logistic_regression,0.4
8551,0,0.7626709685544325,1,logistic_regression,0.4
8552,0,0.044039143306920096,0,logistic_regression,0.4
8576,1,0.7219497419166545,1,logistic_regression,0.4
8593,1,0.7640241357555106,1,logistic_regression,0.4
8594,1,0.7718326101390713,1,logistic_regression,0.4
8596,1,0.7533359221585092,1,logistic_regression,0.4
8613,0,0.2395779594936215,0,logistic_regression,0.4
8616,0,0.34350466843664557,0,logistic_regression,0.4
8622,0,0.12912833459589468,0,logistic_regression,0.4
8632,0,0.07121958356202183,0,logistic_regression,0.4
8647,0,0.2691515479102711,0,logistic_regression,0.4
8649,1,0.28487072762567844,0,logistic_regression,0.4
8651,0,0.6525343554596554,1,logistic_regression,0.4
8653,0,0.6225768303414653,1,logistic_regression,0.4
8655,0,0.08147907346739015,0,logistic_regression,0.4
8663,0,0.3449229118221151,0,logistic_regression,0.4
8668,0,0.8174485385521855,1,logistic_regression,0.4
8678,0,0.042480382843282094,0,logistic_regression,0.4
8679,1,0.8583266397472874,1,logistic_regression,0.4
8683,0,0.2024176390049985,0,logistic_regression,0.4
8689,0,0.6004549268316092,1,logistic_regression,0.4
8699,0,0.20670901561822091,0,logistic_regression,0.4
8705,0,0.3147625321466098,0,logistic_regression,0.4
8712,0,0.5123228312030662,1,logistic_regression,0.4
8715,0,0.06337978147527487,0,logistic_regression,0.4
8716,0,0.362798568778923,0,logistic_regression,0.4
8730,1,0.7214335762555114,1,logistic_regression,0.4
8744,1,0.34724170378992897,0,logistic_regression,0.4
8749,0,0.2287319536655553,0,logistic_regression,0.4
8755,1,0.4099056322097263,1,logistic_regression,0.4
8758,0,0.2785221019079036,0,logistic_regression,0.4
8762,1,0.9499338831114416,1,logistic_regression,0.4
8764,1,0.8389688057712371,1,logistic_regression,0.4
8770,1,0.7776618098545279,1,logistic_regression,0.4
8773,0,0.5371333509385624,1,logistic_regression,0.4
8775,1,0.7071699166376438,1,logistic_regression,0.4
8778,0,0.4999857146547467,1,logistic_regression,0.4
8786,0,0.08486117851769312,0,logistic_regression,0.4
8799,0,0.1327710550758588,0,logistic_regression,0.4
8802,1,0.8711150596197995,1,logistic_regression,0.4
8805,0,0.2733116039926523,0,logistic_regression,0.4
8820,0,0.06722092829016672,0,logistic_regression,0.4
8822,0,0.16333277199409182,0,logistic_regression,0.4
8832,1,0.46254106036839227,1,logistic_regression,0.4
8835,0,0.044043548343622264,0,logistic_regression,0.4
8847,0,0.2058059191481748,0,logistic_regression,0.4
8858,0,0.37756517948485185,0,logistic_regression,0.4
8860,0,0.09671728314488219,0,logistic_regression,0.4
8871,1,0.6928291546588408,1,logistic_regression,0.4
8891,0,0.10001091414848796,0,logistic_regression,0.4
8894,0,0.22792898645063134,0,logistic_regression,0.4
8895,0,0.2186357048585461,0,logistic_regression,0.4
8900,0,0.08789828243015717,0,logistic_regression,0.4
8903,1,0.548150486669249,1,logistic_regression,0.4
8910,0,0.1436070547844705,0,logistic_regression,0.4
8914,0,0.04834252845427947,0,logistic_regression,0.4
8924,0,0.3237788059541473,0,logistic_regression,0.4
8930,0,0.6086452511728558,1,logistic_regression,0.4
8960,0,0.2738128469735232,0,logistic_regression,0.4
8968,1,0.4258290365900937,1,logistic_regression,0.4
8973,0,0.04109126962447174,0,logistic_regression,0.4
8976,0,0.4425517447920682,1,logistic_regression,0.4
8980,0,0.9735629247770049,1,logistic_regression,0.4
8991,0,0.04881731568806792,0,logistic_regression,0.4
9011,0,0.14153155479659066,0,logistic_regression,0.4
9014,0,0.5356576721545363,1,logistic_regression,0.4
9015,0,0.6297326884420529,1,logistic_regression,0.4
9018,0,0.08452220160900697,0,logistic_regression,0.4
9033,0,0.10675822321059093,0,logistic_regression,0.4
9035,0,0.036521619331629944,0,logistic_regression,0.4
9039,0,0.24652517431696622,0,logistic_regression,0.4
9056,1,0.5353601120395136,1,logistic_regression,0.4
9058,0,0.19014067934920773,0,logistic_regression,0.4
9059,1,0.7614653986231897,1,logistic_regression,0.4
9060,1,0.8050911950825588,1,logistic_regression,0.4
9061,1,0.9211577482260415,1,logistic_regression,0.4
9064,0,0.37023817763411665,0,logistic_regression,0.4
9072,0,0.14358984911678213,0,logistic_regression,0.4
9073,0,0.385229581733957,0,logistic_regression,0.4
9080,0,0.21871935492225505,0,logistic_regression,0.4
9088,0,0.6789483329567826,1,logistic_regression,0.4
9090,0,0.10278647274443374,0,logistic_regression,0.4
9093,0,0.20163622962284572,0,logistic_regression,0.4
9095,1,0.7835572339689985,1,logistic_regression,0.4
9107,0,0.4448280042180082,1,logistic_regression,0.4
9113,1,0.19577053795468416,0,logistic_regression,0.4
9117,0,0.562849975607275,1,logistic_regression,0.4
9124,0,0.09487682638449385,0,logistic_regression,0.4
9128,0,0.2959975788898057,0,logistic_regression,0.4
9134,0,0.14713987371195134,0,logistic_regression,0.4
9144,0,0.5777226986303461,1,logistic_regression,0.4
9149,1,0.8060714267282241,1,logistic_regression,0.4
9162,0,0.06623076757208071,0,logistic_regression,0.4
9166,0,0.2370751662022638,0,logistic_regression,0.4
9171,0,0.43681791702491696,1,logistic_regression,0.4
9174,0,0.31938268604607173,0,logistic_regression,0.4
9177,1,0.8471406492041874,1,logistic_regression,0.4
9188,0,0.04558902703653824,0,logistic_regression,0.4
9189,0,0.48762615364598044,1,logistic_regression,0.4
9194,0,0.19439467123297435,0,logistic_regression,0.4
9196,0,0.23604803182735482,0,logistic_regression,0.4
9200,1,0.7220222265968589,1,logistic_regression,0.4
9208,0,0.11625062886898475,0,logistic_regression,0.4
9213,0,0.43889391119877375,1,logistic_regression,0.4
9214,0,0.6063581681357793,1,logistic_regression,0.4
9223,0,0.39507758193609754,0,logistic_regression,0.4
9226,0,0.15957312069041327,0,logistic_regression,0.4
9232,1,0.9063380970539336,1,logistic_regression,0.4
9246,1,0.6734581811168754,1,logistic_regression,0.4
9248,1,0.5938122192969967,1,logistic_regression,0.4
9253,0,0.107195174327697,0,logistic_regression,0.4
9255,0,0.853074380077317,1,logistic_regression,0.4
9258,0,0.144256557601956,0,logistic_regression,0.4
9260,0,0.754603310638681,1,logistic_regression,0.4
9261,0,0.2413271950480209,0,logistic_regression,0.4
9264,0,0.9281491866196091,1,logistic_regression,0.4
9283,0,0.717419326608874,1,logistic_regression,0.4
9284,0,0.6561472829687017,1,logistic_regression,0.4
9287,0,0.5823623028260069,1,logistic_regression,0.4
9289,0,0.07157993727136124,0,logistic_regression,0.4
9291,0,0.19961892744601145,0,logistic_regression,0.4
9292,1,0.6425302719986425,1,logistic_regression,0.4
9296,1,0.48378904807072065,1,logistic_regression,0.4
9300,0,0.2711887372533587,0,logistic_regression,0.4
9312,0,0.0900555960757125,0,logistic_regression,0.4
9317,0,0.20183358700738183,0,logistic_regression,0.4
9320,0,0.4934322533437217,1,logistic_regression,0.4
9322,1,0.8196575345955047,1,logistic_regression,0.4
9333,0,0.30616784106588646,0,logistic_regression,0.4
9337,0,0.04465462488763869,0,logistic_regression,0.4
9356,0,0.21651075421408741,0,logistic_regression,0.4
9363,0,0.32081319834434907,0,logistic_regression,0.4
9365,0,0.6747029024573459,1,logistic_regression,0.4
9366,0,0.059640430503116654,0,logistic_regression,0.4
9376,1,0.3009258012049096,0,logistic_regression,0.4
9408,1,0.7305142306585787,1,logistic_regression,0.4
9421,0,0.15249905961969,0,logistic_regression,0.4
9427,0,0.3244561700123912,0,logistic_regression,0.4
9429,0,0.5025696129609587,1,logistic_regression,0.4
9430,1,0.49888417739159463,1,logistic_regression,0.4
9431,0,0.10938781173458663,0,logistic_regression,0.4
9433,1,0.8903550648724049,1,logistic_regression,0.4
9437,0,0.10644731035298201,0,logistic_regression,0.4
9441,1,0.9113019989691076,1,logistic_regression,0.4
9448,0,0.22208590492826116,0,logistic_regression,0.4
9455,0,0.6989497480367499,1,logistic_regression,0.4
9460,1,0.8391742951533399,1,logistic_regression,0.4
9494,0,0.4788499503996056,1,logistic_regression,0.4
9496,1,0.9388932545913233,1,logistic_regression,0.4
9497,0,0.07127852917772338,0,logistic_regression,0.4
9501,1,0.5410956742330276,1,logistic_regression,0.4
9509,0,0.4695381485745851,1,logistic_regression,0.4
9515,1,0.8610852280270442,1,logistic_regression,0.4
9529,0,0.04392574084606914,0,logistic_regression,0.4
9530,0,0.2633275021036678,0,logistic_regression,0.4
9537,0,0.23976305001299877,0,logistic_regression,0.4
9538,1,0.5505489284720555,1,logistic_regression,0.4
9543,1,0.26334564944106387,0,logistic_regression,0.4
9545,0,0.4766589572037332,1,logistic_regression,0.4
9552,1,0.8128716971033496,1,logistic_regression,0.4
9559,1,0.9258609618340842,1,logistic_regression,0.4
9590,0,0.3315321804317571,0,logistic_regression,0.4
9594,0,0.2104468614789868,0,logistic_regression,0.4
9604,0,0.20872734074209132,0,logistic_regression,0.4
9613,0,0.34906521295017284,0,logistic_regression,0.4
9617,0,0.19750929874261688,0,logistic_regression,0.4
9628,1,0.6906733931628769,1,logistic_regression,0.4
9629,0,0.8864224954933158,1,logistic_regression,0.4
9633,1,0.8133963887878713,1,logistic_regression,0.4
9641,1,0.3623838193190999,0,logistic_regression,0.4
9650,0,0.040463232428375816,0,logistic_regression,0.4
9651,0,0.42454941644874744,1,logistic_regression,0.4
9659,0,0.32172227136518944,0,logistic_regression,0.4
9676,0,0.408758353844654,1,logistic_regression,0.4
9683,0,0.39902687151685756,0,logistic_regression,0.4
9694,0,0.45535841865618304,1,logistic_regression,0.4
9698,1,0.49238282078692414,1,logistic_regression,0.4
9702,1,0.5343606628241393,1,logistic_regression,0.4
9705,0,0.7613668908465121,1,logistic_regression,0.4
9708,0,0.48838537612241545,1,logistic_regression,0.4
9714,1,0.33290583261323253,0,logistic_regression,0.4
9717,0,0.08250558510464619,0,logistic_regression,0.4
9726,0,0.2989947307617477,0,logistic_regression,0.4
9733,0,0.424286931331167,1,logistic_regression,0.4
9743,0,0.3554773084331901,0,logistic_regression,0.4
9749,1,0.7442381659306995,1,logistic_regression,0.4
9758,0,0.03508105383245732,0,logistic_regression,0.4
9764,0,0.6890215447820487,1,logistic_regression,0.4
9765,0,0.4201201556051933,1,logistic_regression,0.4
9767,0,0.58618867955637,1,logistic_regression,0.4
9780,0,0.47212930219357113,1,logistic_regression,0.4
9782,1,0.5188444096446274,1,logistic_regression,0.4
9791,0,0.393146180742591,0,logistic_regression,0.4
9801,1,0.509084575661827,1,logistic_regression,0.4
9817,0,0.3016774487268089,0,logistic_regression,0.4
9819,1,0.54226682850123,1,logistic_regression,0.4
9821,0,0.04714231276137222,0,logistic_regression,0.4
9841,0,0.5123744042623309,1,logistic_regression,0.4
9842,0,0.2874044707793606,0,logistic_regression,0.4
9850,1,0.889211792601586,1,logistic_regression,0.4
9852,0,0.20928746531864637,0,logistic_regression,0.4
9860,0,0.5249816140642485,1,logistic_regression,0.4
9863,0,0.10590947840773418,0,logistic_regression,0.4
9867,0,0.14123156053685987,0,logistic_regression,0.4
9872,0,0.36758941136465195,0,logistic_regression,0.4
9878,0,0.6128822561176803,1,logistic_regression,0.4
9884,0,0.33697040129873157,0,logistic_regression,0.4
9888,0,0.19632781112549375,0,logistic_regression,0.4
9889,0,0.484194126638513,1,logistic_regression,0.4
9892,1,0.34566977035010676,0,logistic_regression,0.4
9895,1,0.8465260749084549,1,logistic_regression,0.4
9897,0,0.4714389500915627,1,logistic_regression,0.4
9899,0,0.07488359712881981,0,logistic_regression,0.4
9906,0,0.1369196020940396,0,logistic_regression,0.4
9936,0,0.04589974941582207,0,logistic_regression,0.4
9947,1,0.125317899397752,0,logistic_regression,0.4
9957,0,0.2743070054453347,0,logistic_regression,0.4
9959,0,0.07030062164783273,0,logistic_regression,0.4
9962,0,0.16869384138332316,0,logistic_regression,0.4
9975,0,0.15283115115631277,0,logistic_regression,0.4
9976,1,0.7073933187698893,1,logistic_regression,0.4
9980,0,0.036270173362620964,0,logistic_regression,0.4
9985,0,0.6955387202873264,1,logistic_regression,0.4
9996,1,0.24737920753249285,0,logistic_regression,0.4
